{"q_vocab": {"after": 1, "and": 2, "any": 3, "are": 4, "before": 5, "begins": 6, "between": 7, "blue": 8, "brown": 9, "collide": 10, "collides": 11, "colliding": 12, "collision": 13, "collisions": 14, "color": 15, "cube": 16, "cube's": 17, "cube,": 18, "cubes": 19, "cyan": 20, "cylinder": 21, "cylinder's": 22, "cylinder,": 23, "cylinders": 24, "ends": 25, "enter": 26, "entering": 27, "enters": 28, "entrance": 29, "event": 30, "exit": 31, "exiting": 32, "exits": 33, "first": 34, "following": 35, "for": 36, "gray": 37, "green": 38, "happen": 39, "how": 40, "if": 41, "is": 42, "last": 43, "many": 44, "material": 45, "metal": 46, "moving": 47, "next": 48, "not": 49, "object": 50, "object's": 51, "object,": 52, "objects": 53, "of": 54, "presence": 55, "purple": 56, "red": 57, "removed": 58, "removed,": 59, "responsible": 60, "rubber": 61, "scene": 62, "second": 63, "shape": 64, "sphere": 65, "sphere's": 66, "sphere,": 67, "spheres": 68, "stationary": 69, "that": 70, "the": 71, "there": 72, "to": 73, "video": 74, "what": 75, "when": 76, "which": 77, "will": 78, "with": 79, "without": 80, "yellow": 81, "PAD": 0}, "a_vocab": {"0": 1, "1": 2, "2": 3, "3": 4, "4": 5, "5": 6, "blue": 7, "brown": 8, "cube": 9, "cyan": 10, "cylinder": 11, "gray": 12, "green": 13, "metal": 14, "no": 15, "purple": 16, "red": 17, "rubber": 18, "sphere": 19, "yellow": 20, "yes": 21, "PAD": 0}}